{
  "total_vertices": 7390,
  "total_parts": 24,
  "part_counts": {
    "rightHand": 324,
    "rightUpLeg": 254,
    "leftArm": 284,
    "leftLeg": 217,
    "leftToeBase": 122,
    "leftFoot": 143,
    "spine1": 267,
    "spine2": 615,
    "leftShoulder": 151,
    "rightShoulder": 151,
    "rightFoot": 143,
    "head": 1194,
    "rightArm": 284,
    "leftHandIndex1": 478,
    "rightLeg": 217,
    "rightHandIndex1": 478,
    "leftForeArm": 246,
    "rightForeArm": 246,
    "neck": 156,
    "rightToeBase": 122,
    "spine": 233,
    "leftUpLeg": 254,
    "leftHand": 324,
    "hips": 487
  },
  "part_percentages": {
    "rightHand": 4.702467343976778,
    "rightUpLeg": 3.6865021770682147,
    "leftArm": 4.121915820029027,
    "leftLeg": 3.1494920174165455,
    "leftToeBase": 1.7706821480406385,
    "leftFoot": 2.0754716981132075,
    "spine1": 3.8751814223512335,
    "spine2": 8.925979680696662,
    "leftShoulder": 2.1915820029027575,
    "rightShoulder": 2.1915820029027575,
    "rightFoot": 2.0754716981132075,
    "head": 17.32946298984035,
    "rightArm": 4.121915820029027,
    "leftHandIndex1": 6.937590711175617,
    "rightLeg": 3.1494920174165455,
    "rightHandIndex1": 6.937590711175617,
    "leftForeArm": 3.5703918722786643,
    "rightForeArm": 3.5703918722786643,
    "neck": 2.2641509433962264,
    "rightToeBase": 1.7706821480406385,
    "spine": 3.3817126269956455,
    "leftUpLeg": 3.6865021770682147,
    "leftHand": 4.702467343976778,
    "hips": 7.06821480406386
  }
}
