{
  "head": {
    "total_gaze_value": 557032.185172271,
    "average_gaze_value": 588.2071649126409,
    "max_gaze_value": 18870.1513836133,
    "min_gaze_value": 0.0,
    "frames_with_gaze": 930,
    "time_with_gaze_seconds": 31.0,
    "gaze_percentage": 98.20485744456178,
    "dominant_frames": 73,
    "dominant_time_seconds": 2.433333333333333,
    "dominant_percentage": 7.708553326293559
  },
  "hips": {
    "total_gaze_value": 164435.26722827106,
    "average_gaze_value": 173.63808577430945,
    "max_gaze_value": 2090.051844582782,
    "min_gaze_value": 0.0,
    "frames_with_gaze": 932,
    "time_with_gaze_seconds": 31.066666666666666,
    "gaze_percentage": 98.41605068637803,
    "dominant_frames": 81,
    "dominant_time_seconds": 2.7,
    "dominant_percentage": 8.553326293558607
  },
  "leftArm": {
    "total_gaze_value": 10570.048357796466,
    "average_gaze_value": 11.161613894188454,
    "max_gaze_value": 820.1035572435751,
    "min_gaze_value": 0.0,
    "frames_with_gaze": 932,
    "time_with_gaze_seconds": 31.066666666666666,
    "gaze_percentage": 98.41605068637803,
    "dominant_frames": 0,
    "dominant_time_seconds": 0.0,
    "dominant_percentage": 0.0
  },
  "leftFoot": {
    "total_gaze_value": 425.82523443121,
    "average_gaze_value": 0.4496570585334847,
    "max_gaze_value": 158.10771577029328,
    "min_gaze_value": 0.0,
    "frames_with_gaze": 932,
    "time_with_gaze_seconds": 31.066666666666666,
    "gaze_percentage": 98.41605068637803,
    "dominant_frames": 2,
    "dominant_time_seconds": 0.06666666666666667,
    "dominant_percentage": 0.21119324181626187
  },
  "leftForeArm": {
    "total_gaze_value": 4548.451072080948,
    "average_gaze_value": 4.803010635777135,
    "max_gaze_value": 538.1370013233382,
    "min_gaze_value": 0.0,
    "frames_with_gaze": 932,
    "time_with_gaze_seconds": 31.066666666666666,
    "gaze_percentage": 98.41605068637803,
    "dominant_frames": 1,
    "dominant_time_seconds": 0.03333333333333333,
    "dominant_percentage": 0.10559662090813093
  },
  "leftHand": {
    "total_gaze_value": 1112.8579449582417,
    "average_gaze_value": 1.175140385383571,
    "max_gaze_value": 342.0642440180203,
    "min_gaze_value": 0.0,
    "frames_with_gaze": 932,
    "time_with_gaze_seconds": 31.066666666666666,
    "gaze_percentage": 98.41605068637803,
    "dominant_frames": 0,
    "dominant_time_seconds": 0.0,
    "dominant_percentage": 0.0
  },
  "leftHandIndex1": {
    "total_gaze_value": 0.1428798623579162,
    "average_gaze_value": 0.00015087630660814803,
    "max_gaze_value": 0.1428798623418751,
    "min_gaze_value": 0.0,
    "frames_with_gaze": 16,
    "time_with_gaze_seconds": 0.5333333333333333,
    "gaze_percentage": 1.689545934530095,
    "dominant_frames": 0,
    "dominant_time_seconds": 0.0,
    "dominant_percentage": 0.0
  },
  "leftLeg": {
    "total_gaze_value": 14821.784119793929,
    "average_gaze_value": 15.651303188800346,
    "max_gaze_value": 938.0449365220164,
    "min_gaze_value": 0.0,
    "frames_with_gaze": 932,
    "time_with_gaze_seconds": 31.066666666666666,
    "gaze_percentage": 98.41605068637803,
    "dominant_frames": 30,
    "dominant_time_seconds": 1.0,
    "dominant_percentage": 3.167898627243928
  },
  "leftShoulder": {
    "total_gaze_value": 33586.61895375622,
    "average_gaze_value": 35.46633469245641,
    "max_gaze_value": 599.9715979730402,
    "min_gaze_value": 0.0,
    "frames_with_gaze": 932,
    "time_with_gaze_seconds": 31.066666666666666,
    "gaze_percentage": 98.41605068637803,
    "dominant_frames": 0,
    "dominant_time_seconds": 0.0,
    "dominant_percentage": 0.0
  },
  "leftToeBase": {
    "total_gaze_value": 16.30220084412226,
    "average_gaze_value": 0.017214573225049906,
    "max_gaze_value": 6.727764263509376,
    "min_gaze_value": 0.0,
    "frames_with_gaze": 929,
    "time_with_gaze_seconds": 30.966666666666665,
    "gaze_percentage": 98.09926082365365,
    "dominant_frames": 2,
    "dominant_time_seconds": 0.06666666666666667,
    "dominant_percentage": 0.21119324181626187
  },
  "leftUpLeg": {
    "total_gaze_value": 39783.16847632889,
    "average_gaze_value": 42.009681601192064,
    "max_gaze_value": 1291.572022610306,
    "min_gaze_value": 0.0,
    "frames_with_gaze": 932,
    "time_with_gaze_seconds": 31.066666666666666,
    "gaze_percentage": 98.41605068637803,
    "dominant_frames": 35,
    "dominant_time_seconds": 1.1666666666666667,
    "dominant_percentage": 3.695881731784583
  },
  "neck": {
    "total_gaze_value": 384747.2128403374,
    "average_gaze_value": 406.28005579761077,
    "max_gaze_value": 2641.8053459169632,
    "min_gaze_value": 0.0,
    "frames_with_gaze": 930,
    "time_with_gaze_seconds": 31.0,
    "gaze_percentage": 98.20485744456178,
    "dominant_frames": 42,
    "dominant_time_seconds": 1.4,
    "dominant_percentage": 4.435058078141499
  },
  "rightArm": {
    "total_gaze_value": 297.0077656858044,
    "average_gaze_value": 0.31363016439894864,
    "max_gaze_value": 40.22064988650615,
    "min_gaze_value": 0.0,
    "frames_with_gaze": 932,
    "time_with_gaze_seconds": 31.066666666666666,
    "gaze_percentage": 98.41605068637803,
    "dominant_frames": 0,
    "dominant_time_seconds": 0.0,
    "dominant_percentage": 0.0
  },
  "rightFoot": {
    "total_gaze_value": 7105.6732785354,
    "average_gaze_value": 7.503350874905385,
    "max_gaze_value": 1120.277555575891,
    "min_gaze_value": 0.0,
    "frames_with_gaze": 932,
    "time_with_gaze_seconds": 31.066666666666666,
    "gaze_percentage": 98.41605068637803,
    "dominant_frames": 16,
    "dominant_time_seconds": 0.5333333333333333,
    "dominant_percentage": 1.689545934530095
  },
  "rightForeArm": {
    "total_gaze_value": 549.7033112197462,
    "average_gaze_value": 0.5804681216681586,
    "max_gaze_value": 163.63991430288658,
    "min_gaze_value": 0.0,
    "frames_with_gaze": 932,
    "time_with_gaze_seconds": 31.066666666666666,
    "gaze_percentage": 98.41605068637803,
    "dominant_frames": 0,
    "dominant_time_seconds": 0.0,
    "dominant_percentage": 0.0
  },
  "rightHand": {
    "total_gaze_value": 29519.73132538552,
    "average_gaze_value": 31.171838780766127,
    "max_gaze_value": 1410.175930021414,
    "min_gaze_value": 0.0,
    "frames_with_gaze": 932,
    "time_with_gaze_seconds": 31.066666666666666,
    "gaze_percentage": 98.41605068637803,
    "dominant_frames": 2,
    "dominant_time_seconds": 0.06666666666666667,
    "dominant_percentage": 0.21119324181626187
  },
  "rightHandIndex1": {
    "total_gaze_value": 1.2809237295703304,
    "average_gaze_value": 0.0013526121748366742,
    "max_gaze_value": 0.4469733110082409,
    "min_gaze_value": 0.0,
    "frames_with_gaze": 161,
    "time_with_gaze_seconds": 5.366666666666666,
    "gaze_percentage": 17.00105596620908,
    "dominant_frames": 0,
    "dominant_time_seconds": 0.0,
    "dominant_percentage": 0.0
  },
  "rightLeg": {
    "total_gaze_value": 23239.195951093898,
    "average_gaze_value": 24.539805650574337,
    "max_gaze_value": 745.9332049217495,
    "min_gaze_value": 0.0,
    "frames_with_gaze": 932,
    "time_with_gaze_seconds": 31.066666666666666,
    "gaze_percentage": 98.41605068637803,
    "dominant_frames": 55,
    "dominant_time_seconds": 1.8333333333333333,
    "dominant_percentage": 5.807814149947202
  },
  "rightShoulder": {
    "total_gaze_value": 480.8118790559318,
    "average_gaze_value": 0.5077210972079533,
    "max_gaze_value": 16.127320522153543,
    "min_gaze_value": 0.0,
    "frames_with_gaze": 932,
    "time_with_gaze_seconds": 31.066666666666666,
    "gaze_percentage": 98.41605068637803,
    "dominant_frames": 0,
    "dominant_time_seconds": 0.0,
    "dominant_percentage": 0.0
  },
  "rightToeBase": {
    "total_gaze_value": 2009.014142752722,
    "average_gaze_value": 2.1214510483133284,
    "max_gaze_value": 566.7435637079196,
    "min_gaze_value": 0.0,
    "frames_with_gaze": 931,
    "time_with_gaze_seconds": 31.03333333333333,